,UA_Name,UA_Country,UA_Continent,Housing,Cost of Living,Startups,Venture Capital,Travel Connectivity,Commute,Business Freedom,Safety,Healthcare,Education,Environmental Quality,Economy,Taxation,Internet Access,Leisure & Culture,Tolerance,Outdoors
0,Aarhus, Denmark,Europe,6.132,4.015,2.827,2.512,3.536,6.312,9.94,9.617,8.704,5.366,7.633,4.887,5.068,8.373,3.187,9.739,4.13
1,Adelaide, Australia,Oceania,6.31,4.692,3.136,2.64,1.777,5.336,9.4,7.926,7.937,5.142,8.331,6.07,4.588,4.341,4.328,7.822,5.531
2,Albuquerque, New Mexico,North America,7.262,6.059,3.772,1.493,1.456,5.056,8.671,1.344,6.43,4.152,7.32,6.514,4.346,5.396,4.89,7.028,3.516
3,Almaty, Kazakhstan,Asia,9.282,9.333,2.458,0.0,4.592,5.871,5.568,7.309,4.546,2.283,3.857,5.269,8.522,2.886,2.937,6.54,5.5
4,Amsterdam, Netherlands,Europe,3.053,3.824,7.972,6.107,8.324,6.118,8.837,8.504,7.907,6.18,7.597,5.053,4.955,4.523,8.874,8.368,5.307
5,Anchorage, Alaska,North America,5.434,3.141,2.794,0.0,1.738,4.715,8.671,3.47,6.06,3.624,9.272,6.514,4.772,4.964,3.266,7.093,5.358
6,Andorra,Andorra,Europe,3.969,0.0,1.0,0.0,0.5,0.0,0.0,9.554,0.0,0.0,7.256,0.0,4.475,7.186,2.132,8.704,3.588
7,Ankara, Turkey,Asia,9.928,9.125,3.973,0.0,2.047,5.291,5.948,7.425,6.914,2.029,2.936,4.094,4.323,2.316,8.638,4.486,5.146
8,Asheville, North Carolina,North America,5.856,5.311,3.54,0.0,1.21,1.358,8.671,5.853,6.725,3.624,8.493,6.514,4.062,4.788,5.063,7.73,2.266
9,Asuncion, Paraguay,South America,9.226,9.295,2.207,0.0,0.645,4.969,3.684,6.934,5.485,0.0,3.969,4.109,8.423,1.479,5.992,7.051,3.485
10,Athens, Greece,Europe,9.052,6.5,4.404,2.325,3.707,5.22,6.169,6.758,7.153,3.162,3.802,3.32,4.166,2.228,7.876,6.268,6.483
11,Atlanta, Georgia,North America,4.976,5.241,8.835,7.257,5.292,3.898,8.671,2.672,6.023,6.457,5.818,6.514,4.204,6.48,7.765,4.062,5.01
12,Auckland, New Zealand,Oceania,4.72,4.47,4.588,2.79,1.305,4.845,10.0,7.022,8.163,5.046,8.272,5.506,5.932,6.85,4.396,7.402,5.862
13,Austin, Texas,North America,4.334,5.355,9.236,6.939,1.852,4.33,8.671,5.069,6.282,5.315,7.031,6.514,4.772,9.049,6.698,6.79,3.909
14,Baku, Azerbaijan,Asia,9.745,9.806,2.67,0.0,2.169,5.492,5.672,8.772,3.702,0.0,2.621,3.876,5.861,1.442,6.22,6.585,4.503
15,Bali, Indonesia,Asia,5.0,0.0,1.628,0.0,1.93,5.194,3.912,8.748,4.442,0.528,4.138,4.658,6.266,3.238,6.334,4.559,7.5
16,Baltimore, Maryland,North America,4.83,4.982,0.0,4.358,3.666,4.935,5.502,2.373,6.871,5.88,5.785,6.514,4.062,4.988,0.0,5.755,3.98
17,Bangkok, Thailand,Asia,7.394,7.222,6.119,3.453,4.112,4.294,5.604,7.036,7.127,1.692,3.371,2.387,6.795,4.826,9.089,6.019,6.494
18,Barcelona, Spain,Europe,6.323,6.074,7.759,5.655,5.806,5.699,7.12,7.407,8.403,5.029,3.666,4.296,3.894,6.468,8.591,7.472,5.828
19,Beijing, China,Asia,6.173,8.101,4.872,9.562,7.018,4.837,3.815,7.066,6.423,7.971,2.056,6.103,1.426,3.493,7.268,2.822,4.944
20,Beirut, Lebanon,Asia,6.656,6.3,3.409,0.0,1.305,4.773,4.329,6.833,6.159,1.004,1.449,3.435,8.28,1.59,3.4,4.184,3.842
21,Belfast, United Kingdom,Europe,7.532,6.014,3.55,1.621,4.098,5.28,8.992,7.679,8.168,4.687,8.378,5.438,5.954,5.596,4.957,5.98,1.413
22,Belgrade, Serbia,Europe,9.258,8.546,4.91,2.333,2.137,5.578,5.384,6.7,6.01,0.5,4.883,1.638,4.166,3.863,6.497,7.387,5.078
23,Belize City, Belize,North America,4.642,0.0,1.866,0.0,0.89,0.0,3.411,6.052,5.504,0.0,2.031,3.496,6.93,3.808,1.064,6.865,0.5
24,Bengaluru, India,Asia,9.811,10.0,10.0,8.973,4.064,4.006,3.618,7.294,3.937,0.656,2.756,5.556,3.414,2.841,3.222,3.484,2.385
25,Bergen, Norway,Europe,5.229,1.805,2.207,1.0,3.243,5.888,9.635,7.708,7.647,4.84,7.539,7.074,4.752,6.537,4.488,7.614,4.314
26,Berlin, Germany,Europe,6.395,5.524,9.085,7.82,7.025,6.196,9.072,7.252,7.991,7.019,6.772,5.374,3.904,4.678,8.881,7.177,5.475
27,Bern, Switzerland,Europe,4.923,1.0,2.688,0.0,5.264,5.198,8.888,9.266,7.52,5.346,9.244,6.552,6.429,6.115,4.245,8.589,2.122
28,Bilbao, Spain,Europe,6.888,5.638,2.668,0.0,4.174,5.775,7.12,8.78,9.321,3.759,8.328,4.296,3.894,5.756,6.014,8.663,1.481
29,Birmingham, United Kingdom,Europe,5.904,5.814,4.358,2.541,5.845,5.494,8.992,6.947,8.294,5.026,5.738,5.438,5.954,5.94,4.435,6.421,1.268
30,Birmingham, Alabama,North America,6.556,5.133,4.358,1.0,1.435,2.021,8.671,1.776,6.541,3.624,7.038,6.514,4.204,5.16,5.384,4.882,1.266
31,Bogota, Colombia,South America,9.028,9.08,5.708,1.259,1.889,4.964,6.349,6.222,6.302,1.534,4.348,4.594,1.852,2.976,6.215,8.555,7.477
32,Boise, Idaho,North America,6.964,6.578,4.205,2.596,1.324,5.225,8.671,4.36,6.797,3.624,8.07,6.514,4.062,3.442,4.2,6.928,5.221
33,Bologna, Italy,Europe,7.472,5.189,3.149,1.397,3.682,5.53,6.19,7.337,8.578,4.203,5.46,3.362,2.436,7.71,5.736,7.618,1.582
34,Bordeaux, France,Europe,7.192,4.583,3.692,0.0,4.876,5.55,8.088,7.466,8.823,4.442,7.261,4.204,2.648,3.875,5.3,7.126,2.876
35,Boston, Massachusetts,North America,1.0,4.259,9.565,10.0,3.215,4.396,8.671,7.742,6.729,8.624,8.171,6.514,4.062,5.701,8.564,8.482,5.66
36,Boulder, Colorado,North America,3.704,4.531,5.853,6.019,4.207,6.138,8.671,7.074,7.05,4.679,9.844,6.514,4.346,6.278,2.565,9.275,6.699
37,Bozeman, Montana,North America,2.949,0.0,3.407,0.0,1.19,0.0,8.671,6.914,6.515,4.128,9.369,6.514,4.062,5.156,1.907,7.294,6.134
38,Bratislava, Slovakia,Europe,7.874,7.618,3.487,0.0,4.89,5.812,6.189,8.618,6.752,3.298,6.2,4.47,4.937,4.584,6.186,6.432,4.858
39,Brighton, United Kingdom,Europe,2.49,5.324,3.409,0.0,8.322,5.548,8.992,8.472,7.716,4.906,8.246,5.438,5.954,4.758,4.87,8.17,4.898
40,Brisbane, Australia,Oceania,5.212,5.177,6.343,3.24,2.434,4.618,9.4,7.904,8.318,5.921,8.828,6.07,4.588,4.408,4.01,7.49,6.257
41,Bristol, United Kingdom,Europe,5.216,5.242,4.113,3.593,4.89,5.444,8.992,7.94,8.252,5.462,6.472,5.438,5.954,6.478,3.862,7.439,4.538
42,Brno, Czechia,Europe,8.329,7.926,2.916,0.0,2.601,5.827,6.213,8.566,8.097,4.227,6.055,4.378,5.934,7.021,5.352,8.055,3.694
43,Brussels, Belgium,Europe,6.355,4.477,5.692,3.374,7.468,5.387,8.877,6.703,8.158,6.653,4.591,4.812,1.883,7.572,8.144,6.481,4.123
44,Bucharest, Romania,Europe,9.187,8.516,5.383,1.187,3.496,5.073,5.682,8.986,6.075,2.448,3.419,4.103,6.839,9.638,6.959,8.687,1.968
45,Budapest, Hungary,Europe,8.57,7.948,5.494,2.804,4.427,5.395,6.708,8.218,5.746,3.693,5.288,4.946,6.108,6.759,8.253,7.228,5.112
46,Buenos Aires, Argentina,South America,8.812,7.764,4.673,2.31,3.77,4.924,4.045,6.04,6.979,1.422,4.869,2.884,1.568,1.528,7.674,8.584,4.536
47,Buffalo, New York,North America,7.076,5.228,3.947,2.715,1.511,2.154,8.671,7.188,6.457,4.212,8.329,6.514,3.92,6.758,4.32,7.404,4.646
48,Cairo, Egypt,Africa,10.0,10.0,5.099,2.958,3.758,3.99,5.791,6.791,4.041,0.5,1.156,2.978,5.101,2.405,6.186,2.65,0.5
49,Calgary, Canada,North America,6.495,5.418,5.95,2.036,2.514,5.158,8.966,7.923,8.026,5.555,8.191,5.841,7.275,5.671,4.268,8.11,7.504
50,Cambridge, United Kingdom,Europe,4.106,4.851,5.253,3.284,6.887,5.628,8.992,9.504,8.189,6.555,8.017,5.438,5.954,5.81,2.455,8.487,0.5
51,Cape Town, South Africa,Africa,6.764,7.955,5.611,3.725,2.163,3.842,4.732,5.328,4.343,0.895,6.608,2.768,5.151,5.613,4.736,3.66,6.751
52,Caracas, Venezuela,South America,4.902,9.82,3.054,0.0,1.324,4.544,1.0,5.221,4.178,0.0,2.272,1.978,4.18,1.642,4.38,4.55,4.098
53,Cardiff, United Kingdom,Europe,7.065,6.082,3.396,1.78,4.89,5.765,8.992,8.21,8.318,4.786,6.607,5.438,5.954,5.101,5.028,7.996,4.806
54,Casablanca, Morocco,Africa,8.822,9.088,3.098,0.0,2.914,4.26,5.614,6.776,4.47,0.0,2.256,3.174,3.3,2.067,2.683,2.945,3.994
55,Charleston, South Carolina,North America,4.637,3.567,4.92,2.011,1.399,4.621,8.671,5.056,6.78,3.624,7.276,6.514,4.062,6.093,6.595,5.771,5.01
56,Charlotte, North Carolina,North America,5.549,4.987,6.248,2.878,3.679,4.134,8.671,5.347,6.432,3.624,8.009,6.514,4.062,6.387,5.606,6.79,1.312
57,Chattanooga, Tennessee,North America,6.782,6.121,3.91,2.228,1.21,0.797,8.671,4.468,6.243,3.624,7.152,6.514,4.772,8.365,4.162,4.792,3.908
58,Chennai, India,Asia,10.0,10.0,7.104,3.782,4.208,4.842,3.618,7.837,4.075,0.512,2.395,5.556,3.414,6.826,2.228,4.55,4.198
59,Chiang Mai, Thailand,Asia,9.372,8.495,1.783,0.0,1.694,5.141,5.604,8.453,7.394,1.688,3.981,2.387,6.795,4.286,6.848,6.872,3.088
60,Chicago, Illinois,North America,3.702,4.766,9.513,8.368,5.508,4.58,8.671,3.832,6.216,7.999,6.804,6.514,4.062,6.599,8.193,6.134,5.416
61,Chisinau, Moldova,Europe,9.676,9.343,3.054,0.0,1.602,5.495,5.443,7.628,5.066,1.4,4.338,3.977,6.232,5.362,2.712,6.647,3.121
62,Christchurch, New Zealand,Oceania,6.934,5.096,1.536,0.0,0.833,5.518,10.0,7.585,8.312,4.756,9.256,5.506,5.932,5.922,3.224,8.404,6.269
63,Cincinnati, Ohio,North America,6.678,6.108,6.1,2.709,1.926,4.744,8.671,4.975,6.346,4.28,7.11,6.514,3.92,6.512,6.118,5.299,3.608
64,Cleveland, Ohio,North America,7.156,5.595,4.961,3.646,2.078,4.421,8.671,3.637,6.756,4.618,7.25,6.514,3.92,5.477,5.697,4.775,4.669
65,Cluj-Napoca, Romania,Europe,9.165,8.794,3.409,1.899,1.763,5.876,5.682,9.474,6.434,2.448,6.401,4.103,6.839,8.666,2.628,8.624,4.255
66,Cologne, Germany,Europe,6.526,5.607,5.107,3.278,7.282,5.382,9.072,6.63,8.04,5.104,6.48,5.374,3.904,5.666,5.322,6.712,5.289
67,Colorado Springs, Colorado,North America,6.5,5.375,4.267,2.147,1.266,1.735,8.671,5.378,5.844,3.624,8.527,6.514,4.346,5.922,3.812,9.206,7.356
68,Columbus, Ohio,North America,6.29,5.746,5.879,4.973,1.663,5.027,8.671,5.282,6.406,5.047,8.166,6.514,3.92,4.554,6.466,5.922,4.545
69,Copenhagen, Denmark,Europe,4.227,3.426,6.207,4.467,6.3,6.296,9.94,9.152,7.985,5.301,8.272,4.887,5.068,7.24,7.063,9.096,4.671
70,Cork, Ireland,Europe,5.515,4.902,3.988,2.87,2.362,5.504,8.346,8.84,7.426,4.879,8.013,7.515,6.255,9.144,2.532,8.631,0.5
71,Curitiba, Brazil,South America,9.43,8.433,2.912,2.148,0.89,4.95,2.781,5.946,5.897,1.017,7.757,2.187,2.852,3.142,7.188,7.848,2.666
72,Dallas, Texas,North America,5.259,6.091,7.94,4.916,4.746,4.47,8.671,4.339,6.087,4.284,6.693,6.514,4.772,6.461,7.168,5.294,4.502
73,Dar es Salaam, Tanzania,Africa,7.652,8.026,2.688,3.191,1.454,2.076,3.289,6.1,3.239,0.0,2.08,5.5,4.497,1.11,1.205,2.766,4.354
74,Delhi, India,Asia,9.752,9.869,9.829,9.099,5.642,3.712,3.618,6.418,3.713,0.512,2.203,5.556,3.414,3.588,5.683,3.116,1.178
75,Denver, Colorado,North America,3.838,5.102,7.864,6.117,4.243,4.53,8.671,5.371,6.22,3.624,7.117,6.514,4.346,5.419,6.224,7.86,7.933
76,Des Moines, Iowa,North America,6.851,6.327,2.912,1.818,1.379,2.072,8.671,6.984,6.709,3.624,8.682,6.514,4.346,5.698,6.066,8.476,3.3
77,Detroit, Michigan,North America,6.223,6.032,5.402,5.184,3.64,0.933,8.671,4.462,5.786,5.818,4.047,6.514,3.778,6.167,7.478,3.678,5.387
78,Doha, Qatar,Asia,2.132,6.183,2.688,0.0,2.642,4.616,7.408,9.486,7.434,1.434,3.942,9.39,10.0,3.245,4.62,5.062,4.437
79,Dresden, Germany,Europe,7.885,6.028,2.406,1.533,3.536,4.96,9.072,8.464,8.394,5.125,8.111,5.374,3.904,5.604,6.638,7.369,4.649
80,Dubai, United Arab Emirates,Asia,2.591,5.49,7.309,4.183,4.508,4.228,8.037,9.172,6.392,2.28,6.036,7.886,10.0,3.151,4.67,5.427,5.798
81,Dublin, Ireland,Europe,2.512,4.005,5.651,6.204,4.762,5.446,8.346,7.121,6.81,5.606,6.502,7.515,6.255,8.344,7.135,7.328,5.664
82,Dusseldorf, Germany,Europe,6.282,5.134,3.389,2.23,6.67,5.283,9.072,8.166,8.004,4.307,7.375,5.374,3.904,5.666,4.664,7.868,5.358
83,Edinburgh, United Kingdom,Europe,5.845,5.114,4.109,3.337,5.185,5.968,8.992,8.485,8.552,6.093,7.763,5.438,5.954,5.176,7.201,7.922,5.131
84,Edmonton, Canada,North America,6.73,5.522,4.624,2.392,1.902,5.097,8.966,7.118,8.269,5.948,8.176,5.841,7.275,4.61,3.974,7.925,3.385
85,Eindhoven, Netherlands,Europe,6.252,5.125,3.54,3.017,4.807,6.032,8.837,9.107,8.559,5.08,8.805,5.053,4.955,7.659,4.334,9.342,4.628
86,Eugene, Oregon,North America,6.713,5.021,3.087,1.964,1.192,5.627,8.671,6.172,6.567,4.174,8.231,6.514,3.92,4.756,2.956,8.97,3.533
87,Florence, Italy,Europe,6.775,4.649,2.228,0.0,4.306,6.029,6.19,7.972,8.164,4.058,6.009,3.362,2.436,4.442,8.503,6.736,1.677
88,Florianopolis, Brazil,South America,9.06,8.331,1.0,0.0,0.683,4.788,2.781,6.525,5.433,1.017,4.944,2.187,2.852,3.185,5.33,7.638,5.751
89,Fort Collins, Colorado,North America,2.745,0.0,4.044,0.0,1.102,2.008,8.671,6.935,6.831,4.174,9.953,6.514,4.346,5.302,2.746,9.48,6.187
90,Frankfurt, Germany,Europe,5.957,5.143,3.768,3.399,8.529,5.923,9.072,6.838,7.707,5.206,6.476,5.374,3.904,4.079,6.492,7.034,5.384
91,Fukuoka, Japan,Asia,4.01,0.0,1.484,1.79,6.172,0.0,8.39,9.945,9.098,5.528,7.916,3.724,6.033,4.575,5.86,7.259,5.682
92,Galway, Ireland,Europe,6.276,4.927,2.538,2.556,2.362,5.69,8.346,8.89,7.07,5.008,7.519,7.515,6.255,7.637,1.115,8.7,3.712
93,Gdansk, Poland,Europe,8.508,8.127,2.688,0.0,2.834,5.861,5.704,8.04,6.856,4.662,7.795,4.762,5.097,5.036,5.515,4.478,5.025
94,Geneva, Switzerland,Europe,1.078,1.0,4.692,3.089,5.867,6.003,8.888,8.427,7.443,5.186,8.602,6.552,6.429,8.378,5.244,8.62,6.554
95,Gibraltar, Gibraltar,Europe,1.112,0.0,2.842,1.566,0.758,0.0,0.0,9.338,3.023,0.0,5.184,0.0,2.913,4.296,2.235,4.426,4.756
96,Glasgow, United Kingdom,Europe,6.929,5.623,3.505,1.182,6.2,5.352,8.992,7.496,8.813,5.307,7.101,5.438,5.954,4.253,4.671,6.943,3.741
97,Gothenburg, Sweden,Europe,6.725,5.046,3.129,3.725,3.658,5.969,9.569,7.296,8.102,4.778,8.59,5.694,2.75,6.192,4.004,6.364,4.568
98,Grenoble, France,Europe,7.505,4.317,2.743,1.852,3.996,5.526,8.088,5.888,9.063,4.549,6.151,4.204,2.648,3.758,3.178,5.05,4.646
99,Guadalajara, Mexico,North America,9.527,9.49,4.344,0.0,1.729,4.346,5.765,6.472,7.034,1.21,3.343,3.5,4.334,4.093,7.657,8.158,3.477
100,Guatemala City, Guatemala,North America,8.812,8.175,2.641,1.673,0.815,0.524,4.617,6.139,4.764,0.0,3.758,3.805,8.505,2.506,5.164,7.157,4.134
101,Halifax, Canada,North America,6.895,4.943,3.624,2.284,1.57,5.403,8.966,7.189,7.886,5.42,7.618,5.841,7.275,6.124,3.942,7.853,4.023
102,Hamburg, Germany,Europe,5.945,4.904,5.794,4.197,5.685,5.826,9.072,6.459,8.13,4.307,8.124,5.374,3.904,5.56,6.352,7.163,5.088
103,Hannover, Germany,Europe,7.754,6.0,1.0,0.0,5.646,6.55,9.072,7.353,8.134,4.834,9.131,5.374,3.904,5.666,3.526,7.266,4.266
104,Havana, Cuba,North America,9.089,7.608,1.498,0.0,1.919,0.0,1.643,8.634,7.0,0.0,3.862,2.55,0.5,1.703,2.07,8.76,5.022
105,Helsinki, Finland,Europe,5.396,4.121,5.683,5.507,4.75,5.779,9.451,8.674,7.954,5.454,9.301,3.921,4.878,5.104,7.055,7.502,4.798
106,Ho Chi Minh City, Vietnam,Asia,8.618,8.844,4.93,1.739,2.08,5.184,4.102,6.768,5.54,4.116,1.42,4.834,5.045,4.565,5.874,5.943,1.258
107,Hong Kong, Hong Kong,Asia,1.0,4.967,8.343,8.314,3.679,5.54,9.294,9.35,4.154,9.711,4.533,6.482,8.38,6.228,7.058,7.152,5.796
108,Honolulu, Hawaii,North America,2.342,2.867,4.134,0.0,1.983,4.162,8.671,6.857,6.431,4.28,6.094,6.514,4.204,6.158,7.623,7.774,5.918
109,Houston, Texas,North America,5.225,6.162,7.934,4.474,4.339,4.031,8.671,3.129,6.379,4.928,5.305,6.514,4.772,6.248,7.144,5.34,5.386
110,Hyderabad, India,Asia,10.0,10.0,8.724,3.585,3.841,4.632,3.618,8.126,3.957,0.0,2.841,5.556,3.414,5.54,4.271,4.132,3.209
111,Indianapolis, Indiana,North America,6.266,5.478,5.503,3.96,1.682,4.859,8.671,3.968,6.151,3.624,6.16,6.514,4.062,5.876,7.299,6.87,3.965
112,Innsbruck, Austria,Europe,6.708,4.732,2.126,0.0,5.57,6.374,7.596,8.273,7.885,4.33,7.366,4.663,2.666,5.06,4.424,8.485,3.964
113,Istanbul, Turkey,Asia,9.138,8.787,6.954,2.111,5.836,4.066,5.948,6.894,6.84,2.152,3.405,4.094,4.323,3.5,10.0,3.892,5.744
114,Jacksonville, Florida,North America,6.45,5.359,4.348,2.545,1.567,1.406,8.671,3.826,6.199,3.624,7.12,6.514,4.772,6.158,5.655,5.679,5.013
115,Jakarta, Indonesia,Asia,8.671,8.471,5.65,6.437,2.489,3.64,4.029,7.0,4.184,1.028,2.486,4.658,6.266,4.499,8.146,2.066,7.202
116,Johannesburg, South Africa,Africa,8.012,7.575,4.937,1.467,3.203,3.916,4.732,5.166,3.649,0.758,4.326,2.768,5.151,2.838,4.402,3.66,2.956
117,Kansas City, Missouri,North America,6.708,5.844,2.794,3.538,1.869,1.973,8.671,4.423,6.45,3.624,7.976,6.514,4.062,8.189,6.675,5.02,4.162
118,Karlsruhe, Germany,Europe,7.764,5.294,2.994,1.299,4.798,4.905,9.072,6.858,8.412,5.208,7.768,5.374,3.904,4.594,3.986,8.337,4.589
119,Kathmandu, Nepal,Asia,10.0,9.445,3.211,0.0,1.041,5.349,4.74,8.506,4.116,0.0,1.0,4.496,5.513,2.201,5.039,9.129,3.798
120,Kiev, Ukraine,Europe,9.084,9.817,4.05,2.545,5.488,5.161,4.525,7.256,4.851,0.5,3.666,1.276,5.478,6.041,8.42,6.827,5.349
121,Kingston, Jamaica,North America,8.896,5.937,2.648,0.0,0.815,4.927,6.568,5.528,6.678,0.0,3.02,1.83,6.073,4.483,4.278,2.844,3.346
122,Knoxville, Tennessee,North America,6.975,6.447,3.516,0.0,1.379,1.943,8.671,5.13,6.422,4.212,3.723,6.514,4.772,7.092,4.496,5.402,1.752
123,Krakow, Poland,Europe,8.424,8.509,4.534,2.11,2.929,5.629,5.704,8.522,6.854,4.663,4.802,4.762,5.097,5.788,7.84,4.592,4.308
124,Kuala Lumpur, Malaysia,Asia,8.664,8.238,5.542,4.245,3.562,4.38,7.597,5.881,5.95,2.527,3.87,6.339,6.126,5.462,7.166,1.528,5.739
125,Kyoto, Japan,Asia,3.765,0.0,1.302,0.0,6.794,2.5,8.39,10.0,9.079,6.241,6.435,3.724,6.033,3.712,8.154,7.663,1.646
126,Lagos, Nigeria,Africa,7.767,9.098,6.434,2.51,1.748,3.565,3.256,5.999,2.862,0.0,1.907,5.061,6.216,1.634,1.358,1.406,3.824
127,La Paz, Bolivia,South America,4.724,0.0,1.498,0.0,1.319,3.834,3.482,6.751,4.316,0.0,1.734,4.536,4.549,1.548,1.525,6.293,5.5
128,Las Palmas de Gran Canaria, Spain,Europe,8.232,7.717,1.584,0.0,4.323,0.0,7.12,9.154,9.214,3.759,6.86,4.296,3.894,6.196,2.814,9.718,5.538
129,Las Vegas, Nevada,North America,7.001,5.759,7.515,2.022,3.528,4.807,8.671,2.385,5.635,3.624,5.557,6.514,4.772,5.304,6.368,7.275,5.385
130,Lausanne, Switzerland,Europe,4.076,1.0,3.822,3.308,6.514,5.858,8.888,8.032,7.352,6.622,8.81,6.552,6.429,4.146,4.222,8.454,5.338
131,Leeds, United Kingdom,Europe,6.811,5.363,3.36,4.423,6.595,5.106,8.992,7.731,8.634,4.982,5.922,5.438,5.954,7.329,3.744,7.214,1.296
132,Leipzig, Germany,Europe,8.177,5.911,2.706,0.0,4.337,6.014,9.072,7.277,7.3,4.307,9.033,5.374,3.904,5.647,4.526,7.194,4.747
133,Lille, France,Europe,7.532,5.399,3.258,2.381,6.02,2.294,8.088,6.942,9.071,4.394,4.24,4.204,2.648,3.827,5.11,7.203,2.293
134,Lima, Peru,South America,8.712,8.496,3.884,1.65,2.012,4.759,5.002,5.29,5.711,0.5,2.481,3.163,6.524,2.41,6.808,6.08,5.388
135,Lisbon, Portugal,Europe,6.734,7.004,6.022,3.194,4.191,5.316,8.239,8.438,7.86,4.48,6.412,3.483,4.158,6.394,7.834,9.597,5.691
136,Liverpool, United Kingdom,Europe,7.485,6.02,3.559,2.355,6.65,4.541,8.992,7.728,9.028,4.872,7.275,5.438,5.954,8.994,5.393,7.451,5.459
137,Ljubljana, Slovenia,Europe,8.214,6.749,4.088,1.23,2.293,5.699,7.677,8.953,7.672,4.852,8.662,4.72,4.81,5.49,4.799,8.184,1.822
138,London, United Kingdom,Europe,1.0,3.94,10.0,9.859,9.402,5.396,8.992,7.244,8.018,9.027,5.548,5.438,5.954,5.846,9.456,6.573,5.374
139,Los Angeles, California,North America,1.528,4.556,10.0,10.0,3.958,3.677,8.575,5.705,6.027,8.624,4.732,6.514,4.768,5.497,9.196,6.96,6.747
140,Louisville, Kentucky,North America,7.258,6.358,4.254,2.293,1.473,1.954,8.671,3.618,6.162,3.624,6.601,6.514,4.062,5.527,5.694,5.778,1.3
141,Luxembourg, Luxembourg,Europe,2.453,3.411,3.308,1.899,4.58,5.844,7.857,8.628,8.22,3.48,8.576,7.473,7.151,5.458,4.496,8.804,1.475
142,Lviv, Ukraine,Europe,9.778,10.0,4.204,0.0,3.762,5.485,4.525,7.822,4.87,0.0,4.825,1.276,5.478,5.056,7.058,6.716,4.436
143,Lyon, France,Europe,6.697,4.349,4.5,3.083,5.963,5.185,8.088,7.134,8.642,4.58,6.543,4.204,2.648,9.403,5.988,6.517,5.374
144,Madison, Wisconsin,North America,5.83,6.173,4.017,2.913,1.23,5.474,8.671,7.362,7.007,5.386,9.524,6.514,4.204,4.992,4.422,7.9,4.376
145,Madrid, Spain,Europe,6.414,6.249,0.0,4.79,5.856,5.286,7.12,7.792,8.916,4.292,5.566,4.296,3.894,6.241,9.338,7.665,6.22
146,Malaga, Spain,Europe,8.052,7.375,2.458,0.0,4.36,5.783,7.12,7.693,8.656,3.759,8.108,4.296,3.894,6.19,6.389,7.5,5.784
147,Malmo, Sweden,Europe,7.263,5.57,3.645,2.683,4.768,5.647,9.569,6.598,8.215,3.893,9.206,5.694,2.75,8.22,2.344,5.304,4.524
148,Managua, Nicaragua,North America,4.786,0.0,1.866,0.0,0.608,0.0,4.6,7.775,6.404,0.0,3.34,3.94,3.254,1.177,1.837,9.239,1.434
149,Manchester, United Kingdom,Europe,6.456,5.049,5.77,4.908,6.398,4.728,8.992,6.772,8.519,5.652,4.363,5.438,5.954,5.814,4.975,6.677,3.676
150,Manila, Philippines,Asia,8.596,8.752,4.805,3.547,2.634,3.713,4.592,6.434,4.298,0.0,1.683,5.006,4.303,4.608,7.584,5.503,4.826
151,Marseille, France,Europe,7.588,6.026,3.31,2.843,5.951,5.861,8.088,5.252,8.844,4.442,3.942,4.204,2.648,5.542,5.443,6.174,5.184
152,Medellin, Colombia,South America,9.232,9.315,4.618,0.0,0.928,5.354,6.349,7.477,6.791,1.531,6.171,4.594,1.852,4.148,5.029,9.302,3.662
153,Melbourne, Australia,Oceania,4.83,4.798,8.204,5.02,2.847,4.872,9.4,7.132,8.016,6.22,7.891,6.07,4.588,5.896,6.461,7.0,6.203
154,Memphis, Tennessee,North America,7.115,5.829,4.449,0.0,1.662,1.918,8.671,2.859,4.951,3.624,4.545,6.514,4.772,6.07,6.86,4.041,3.57
155,Mexico City, Mexico,North America,8.36,9.244,7.48,2.634,2.87,3.806,5.761,5.464,6.38,1.713,2.506,3.5,4.334,5.841,9.962,7.089,3.914
156,Miami, Florida,North America,3.031,4.497,8.023,5.055,4.169,4.053,8.671,4.321,6.031,4.394,6.292,6.514,4.772,5.824,6.768,6.044,5.384
157,Milan, Italy,Europe,5.195,4.801,5.19,3.286,6.683,5.512,6.19,7.378,8.445,4.283,4.458,3.362,2.436,5.014,7.917,7.22,5.641
158,Milwaukee, Wisconsin,North America,6.122,5.526,4.83,2.005,1.588,4.915,8.671,4.267,6.082,4.177,7.989,6.514,4.204,4.346,6.838,4.844,5.064
159,Minneapolis-Saint Paul, Minnesota,North America,4.739,5.042,6.526,5.523,3.544,4.925,8.671,5.085,6.681,5.274,8.362,6.514,4.062,6.258,6.85,7.288,5.096
160,Minsk, Belarus,Europe,9.496,9.289,4.378,0.0,3.766,5.366,5.596,9.038,5.511,0.5,7.048,3.204,5.926,4.863,6.95,7.422,4.906
161,Montevideo, Uruguay,South America,8.183,6.197,2.863,2.205,1.183,5.288,7.944,5.974,6.655,1.69,4.545,4.416,4.828,2.178,4.946,9.71,5.178
162,Montreal, Canada,North America,7.392,5.948,8.103,5.773,3.443,5.107,8.966,7.822,7.395,7.299,7.722,5.841,7.275,4.478,6.918,8.193,5.303
163,Moscow, Russia,Europe,6.555,8.099,5.053,3.705,9.054,4.546,5.387,7.478,4.763,4.572,5.275,3.148,6.017,6.571,8.875,3.475,5.09
164,Mumbai, India,Asia,8.124,9.825,9.853,6.179,5.414,3.94,3.618,7.619,3.802,0.528,2.096,5.556,3.414,3.429,4.968,3.839,5.792
165,Munich, Germany,Europe,4.23,4.648,6.915,6.509,8.057,6.014,9.072,9.049,8.371,7.554,9.018,5.374,3.904,5.155,7.336,8.474,7.331
166,Nairobi, Kenya,Africa,8.85,8.432,6.026,4.601,2.314,4.069,3.246,5.972,3.598,0.5,3.199,4.377,5.084,1.889,2.67,2.579,4.05
167,Nantes, France,Europe,7.722,5.021,3.353,2.23,4.989,5.998,8.088,7.636,8.533,4.405,7.323,4.204,2.648,4.867,4.351,7.056,2.672
168,Naples, Italy,Europe,8.215,5.81,2.041,0.0,3.941,4.706,6.19,6.39,7.186,4.058,1.656,3.362,2.436,5.314,6.045,6.754,5.359
169,Nashville, Tennessee,North America,4.454,5.742,6.06,3.569,1.908,4.501,8.671,5.078,5.953,4.733,7.056,6.514,4.772,6.637,7.02,6.808,1.274
170,New Orleans, Louisiana,North America,5.339,4.992,4.736,1.21,1.757,4.628,8.671,2.088,5.884,4.152,5.674,6.514,4.346,6.453,7.198,5.124,1.0
171,New York, New York,North America,1.0,2.342,10.0,10.0,6.675,5.519,8.671,7.022,6.105,8.094,5.234,6.514,3.92,7.098,10.0,6.712,5.748
172,Nice, France,Europe,6.498,4.475,3.098,2.603,6.46,6.051,8.088,7.234,8.33,4.405,6.423,4.204,2.648,6.472,4.78,6.467,5.526
173,Nicosia, Cyprus,Europe,8.631,6.301,3.407,0.0,1.606,5.491,7.439,8.103,6.759,2.475,3.672,2.996,7.508,2.654,6.949,7.506,1.776
174,Oklahoma City, Oklahoma,North America,7.261,6.394,4.138,0.0,1.399,5.027,8.671,4.686,5.977,3.624,7.615,6.514,4.204,7.689,5.376,6.022,4.129
175,Omaha, Nebraska,North America,7.041,5.994,4.012,0.0,1.416,2.128,8.671,5.552,6.894,4.128,7.876,6.514,4.204,6.306,4.942,5.801,4.181
176,Orlando, Florida,North America,5.778,5.284,6.598,2.464,3.774,4.339,8.671,4.134,5.967,3.624,6.676,6.514,4.772,4.886,5.93,5.784,4.493
177,Osaka, Japan,Asia,7.832,4.819,2.668,2.144,6.201,5.255,8.418,10.0,8.705,5.589,5.327,3.724,6.033,3.724,7.226,7.19,5.188
178,Oslo, Norway,Europe,3.768,1.038,5.209,3.869,5.177,5.775,9.635,7.107,7.91,5.145,8.424,7.074,4.752,7.97,5.899,7.03,6.19
179,Ottawa, Canada,North America,6.7,6.027,6.055,2.612,1.532,5.405,8.966,8.448,8.011,5.424,9.292,5.841,7.275,6.267,6.092,8.63,5.318
180,Oulu, Finland,Europe,3.744,0.0,2.314,2.575,2.716,6.041,9.451,8.459,7.701,5.454,8.933,3.921,4.878,5.723,2.006,8.329,5.072
181,Oxford, United Kingdom,Europe,3.65,4.941,4.551,3.843,7.926,5.958,8.992,8.568,7.97,6.638,7.554,5.438,5.954,6.155,5.495,8.258,2.629
182,Palo Alto, California,North America,0.5,0.0,8.294,9.623,3.151,2.203,8.671,7.637,6.515,3.624,6.727,6.514,4.488,7.142,0.0,8.454,1.75
183,Panama, Panama,North America,3.153,0.0,3.559,0.0,2.002,0.0,6.209,6.976,6.593,0.0,4.384,6.041,6.948,3.19,5.556,6.786,4.82
184,Paris, France,Europe,3.584,3.664,9.276,7.513,10.0,5.331,8.088,6.246,8.208,7.085,4.362,4.204,2.648,9.716,9.816,5.579,4.433
185,Perth, Australia,Oceania,5.233,4.795,5.127,3.102,2.11,4.695,9.4,7.104,8.059,5.143,8.133,6.07,4.588,4.178,4.512,7.471,5.684
186,Philadelphia, Pennsylvania,North America,4.207,4.422,7.362,5.216,3.556,4.132,8.671,3.133,6.483,6.028,5.124,6.514,3.778,7.443,8.492,5.865,4.115
187,Phnom Penh, Cambodia,Asia,8.552,8.001,1.498,0.0,1.24,4.68,1.0,6.684,2.984,0.0,2.448,5.38,7.984,3.395,5.407,6.031,3.433
188,Phoenix, Arizona,North America,6.533,6.208,6.509,4.558,3.302,4.829,8.671,2.583,6.126,4.591,4.625,6.514,4.488,6.178,6.81,5.565,6.736
189,Phuket, Thailand,Asia,8.823,7.602,2.244,0.0,1.808,4.504,5.604,5.728,6.654,1.187,3.624,2.387,6.795,3.615,4.814,5.156,4.626
190,Pittsburgh, Pennsylvania,North America,5.964,4.795,6.508,3.581,1.738,4.308,8.671,4.791,6.4,6.594,6.874,6.514,3.778,8.67,6.859,7.39,4.068
191,Portland, Maine,North America,0.0,0.0,3.637,0.0,1.102,1.97,8.671,6.358,5.175,3.624,7.675,6.514,4.062,3.546,3.305,8.271,4.978
192,Portland, Oregon,North America,4.138,4.924,6.957,5.899,2.24,4.908,8.671,5.18,6.318,4.216,8.46,6.514,3.92,5.969,6.22,8.159,6.304
193,Porto, Portugal,Europe,8.11,7.422,4.313,1.886,3.112,5.46,8.239,7.705,8.167,4.449,7.039,3.483,4.158,4.494,5.625,9.574,5.948
194,Porto Alegre, Brazil,South America,9.221,8.12,2.67,0.0,0.966,5.105,2.781,5.296,5.56,1.017,4.14,2.187,2.852,2.196,7.704,7.448,4.922
195,Prague, Czechia,Europe,7.43,7.569,5.78,2.302,5.482,5.847,6.213,8.66,7.881,4.238,7.014,4.378,5.934,6.09,8.465,8.198,4.901
196,Providence, Rhode Island,North America,3.153,0.0,3.764,1.0,3.018,2.422,8.671,6.846,6.515,5.302,5.9,6.514,4.204,8.934,3.919,7.49,1.084
197,Quebec, Canada,Europe,8.518,6.037,3.735,2.237,1.382,5.28,8.966,9.16,8.131,5.42,7.316,5.841,7.275,3.298,5.637,8.622,4.719
198,Quito, Ecuador,South America,9.016,7.822,2.858,0.0,0.89,4.789,3.021,6.969,6.406,0.0,4.176,3.886,7.514,3.482,4.802,8.826,5.5
199,Raleigh, North Carolina,North America,6.129,5.61,5.497,5.157,1.757,4.784,8.671,6.522,6.677,7.116,8.584,6.514,4.062,7.952,6.613,7.562,3.391
200,Reykjavik, Iceland,Europe,2.772,1.0,3.168,2.875,1.135,5.475,9.36,8.658,8.079,4.057,8.624,5.283,4.466,6.742,5.02,9.565,4.804
201,Richmond, Virginia,North America,6.44,5.949,4.27,2.097,1.38,5.648,8.671,3.376,6.488,3.624,6.622,6.514,4.204,7.645,6.338,7.151,1.035
202,Riga, Latvia,Europe,8.933,7.329,4.35,1.358,2.372,5.353,7.363,7.626,5.71,4.091,6.966,4.095,5.929,5.841,7.706,6.884,5.526
203,Rio De Janeiro, Brazil,South America,8.32,7.751,4.823,2.414,1.493,4.553,4.037,5.296,4.85,1.018,3.323,2.187,2.845,2.338,8.668,5.772,6.152
204,Riyadh, Saudi Arabia,Asia,8.696,7.806,3.692,2.022,2.46,4.753,6.104,7.583,6.086,0.503,3.351,7.042,10.0,4.13,5.844,2.909,0.5
205,Rochester, New York,North America,6.727,5.488,4.336,1.505,1.398,1.908,8.671,5.899,6.106,4.495,5.935,6.514,3.92,5.551,5.335,5.902,4.404
206,Rome, Italy,Europe,5.602,5.323,4.674,1.013,6.434,4.533,6.19,6.605,7.864,4.157,4.276,3.362,2.436,4.491,9.11,6.222,6.396
207,Rotterdam, Netherlands,Europe,6.044,4.934,4.43,2.83,8.18,5.967,8.837,8.268,8.329,4.307,7.087,5.053,4.955,5.853,5.427,8.28,4.281
208,Saint Petersburg, Russia,Europe,8.36,8.673,4.982,0.0,5.88,4.626,5.547,7.793,4.952,4.282,4.324,3.148,6.044,5.642,9.654,4.338,5.385
209,Salt Lake City, Utah,North America,6.141,6.172,6.3,7.09,2.737,4.574,8.671,5.657,6.246,4.28,6.216,6.514,4.204,6.811,5.932,8.622,6.641
210,San Antonio, Texas,North America,6.402,6.683,5.356,3.53,1.682,4.965,8.671,4.216,6.307,4.152,6.201,6.514,4.772,8.074,6.696,6.254,3.419
211,San Diego, California,North America,2.934,5.156,8.35,8.595,2.622,4.41,8.671,6.933,6.52,5.458,7.267,6.514,4.488,5.999,8.21,8.54,6.396
212,San Francisco Bay Area, California,North America,1.0,2.618,10.0,10.0,3.655,4.687,8.671,5.716,6.449,8.624,6.482,6.514,4.488,5.606,9.407,8.013,7.014
213,San Jose, Costa Rica,North America,8.164,6.728,3.822,0.0,1.192,3.834,5.95,6.709,7.433,1.21,5.256,4.081,5.752,1.516,6.867,8.939,2.786
214,San Juan, Puerto Rico,North America,7.428,5.98,1.428,0.0,1.38,1.142,3.173,5.121,4.363,0.0,4.493,0.0,4.397,4.273,6.84,3.66,5.324
215,San Luis Obispo, California,North America,1.724,0.0,3.828,3.077,1.134,1.392,8.671,8.058,5.871,3.624,7.392,6.514,4.488,7.936,2.776,9.666,1.508
216,San Salvador, El Salvador,North America,8.802,7.743,1.67,0.0,1.06,4.686,4.661,5.402,5.559,0.0,1.001,2.659,5.526,1.831,4.858,6.128,1.918
217,Santiago, Chile,South America,8.382,7.237,6.23,1.0,2.536,5.551,7.765,6.964,7.066,2.642,4.528,3.725,8.93,1.0,7.556,7.172,5.5
218,Santo Domingo, Dominican Republic,North America,9.289,8.076,2.228,0.0,1.003,4.565,4.413,5.779,5.026,0.5,2.38,6.114,5.768,4.221,5.797,5.11,3.418
219,Sao Paulo, Brazil,South America,8.316,7.823,6.623,4.253,2.266,4.412,2.781,5.296,5.372,1.104,2.654,2.187,2.852,3.39,8.789,6.896,7.078
220,Sarajevo, Bosnia and Herzegovina,Europe,9.692,8.659,2.584,0.0,1.207,5.708,2.58,7.133,6.526,0.0,3.666,2.088,9.118,4.648,5.934,7.736,2.871
221,Saskatoon, Canada,North America,7.16,5.042,3.114,0.0,1.259,5.806,8.966,6.638,7.514,5.344,7.758,5.841,7.275,4.89,1.0,7.336,0.5
222,Seattle, Washington,North America,2.291,3.79,8.367,7.551,2.884,4.524,8.671,5.636,6.31,5.714,7.56,6.514,4.772,4.94,8.116,8.089,7.209
223,Seoul, South Korea,Asia,6.143,3.698,5.284,4.066,6.156,5.719,8.279,8.305,8.549,6.866,6.787,5.561,6.608,7.637,8.2,4.484,5.776
224,Seville, Spain,Europe,8.096,6.961,1.148,0.0,3.477,5.567,7.12,8.93,8.221,4.26,7.221,4.296,3.894,6.19,7.416,9.265,3.033
225,Shanghai, China,Asia,5.744,7.179,5.726,9.288,6.862,5.084,3.896,7.208,6.206,5.7,2.839,6.103,1.496,2.636,6.693,2.741,5.717
226,Singapore, Singapore,Asia,1.745,3.489,9.103,8.697,2.982,5.427,9.725,9.972,7.683,8.246,7.954,7.479,9.959,8.447,7.422,6.495,5.834
227,Skopje, Macedonia,Europe,9.741,9.11,2.994,0.0,1.678,5.736,6.882,7.28,6.629,0.5,2.649,4.123,9.475,4.52,6.208,4.29,3.302
228,Sofia, Bulgaria,Europe,9.306,8.55,4.691,3.155,2.666,5.622,5.295,7.55,5.587,2.014,4.999,3.25,8.721,6.273,5.318,6.741,4.056
229,St. Louis, Missouri,North America,6.958,5.504,5.424,3.885,2.532,5.086,8.671,3.881,6.67,5.272,7.374,6.514,4.062,8.909,7.643,4.376,4.828
230,Stockholm, Sweden,Europe,4.865,4.36,6.267,6.229,6.226,5.686,9.569,6.886,8.039,6.668,8.992,5.694,2.75,7.614,6.797,5.72,4.494
231,Stuttgart, Germany,Europe,6.314,5.673,3.756,1.936,5.964,6.205,9.072,8.27,7.851,5.05,7.225,5.374,3.904,5.124,5.556,7.533,3.95
232,Sydney, Australia,Oceania,1.986,4.128,8.727,6.427,3.285,4.851,9.4,7.571,8.034,6.726,7.817,6.07,4.588,4.736,6.228,7.033,6.264
233,Taipei, Taiwan,Asia,7.977,5.644,5.469,2.781,2.51,5.606,8.342,9.542,5.905,5.59,6.236,6.636,7.333,5.232,7.264,8.044,5.588
234,Tallinn, Estonia,Europe,8.377,6.931,5.356,5.829,1.97,5.933,8.129,9.426,7.366,5.355,7.826,4.185,5.341,5.202,7.024,7.839,4.536
235,Tampa Bay Area, Florida,North America,5.696,5.253,6.347,3.778,2.906,1.401,8.671,4.706,6.573,4.28,7.379,6.514,4.772,7.195,6.434,5.36,5.497
236,Tampere, Finland,Europe,6.936,4.622,2.606,2.549,2.848,6.35,9.451,8.689,8.316,5.39,8.922,3.921,4.878,5.792,4.187,8.291,4.571
237,Tartu, Estonia,Europe,8.961,7.47,2.778,0.0,1.414,6.441,8.129,9.376,8.395,5.404,9.416,4.185,5.341,4.3,4.081,7.483,3.499
238,Tashkent, Uzbekistan,Asia,5.0,0.0,1.783,0.0,2.738,0.0,5.175,8.904,3.693,0.0,6.555,5.538,6.014,1.243,3.176,6.17,4.242
239,Tbilisi, Georgia,Europe,9.49,9.765,3.149,0.0,2.251,5.644,7.863,9.506,5.052,0.862,3.197,4.252,8.055,4.087,4.919,8.197,5.478
240,Tehran, Iran,Asia,8.303,9.544,4.387,0.0,3.175,3.8,4.343,6.793,5.312,0.51,2.942,3.944,4.052,1.576,6.521,4.222,5.5
241,Tel Aviv, Israel,Asia,4.91,4.37,7.326,9.16,3.345,4.994,6.79,8.007,8.338,3.767,6.027,5.026,6.918,2.566,5.334,5.516,5.412
242,The Hague, Netherlands,Europe,6.053,4.653,3.864,1.107,8.001,5.061,8.837,8.789,8.214,4.307,8.284,5.053,4.955,6.514,5.014,8.553,4.924
243,Thessaloniki, Greece,Europe,9.378,6.6,3.25,0.0,2.26,5.914,6.169,7.992,7.509,3.164,3.338,3.32,4.166,2.596,7.689,7.523,4.665
244,Tokyo, Japan,Asia,5.657,3.431,6.297,3.963,8.152,6.008,8.378,10.0,8.826,6.981,5.956,3.724,6.033,4.835,9.342,7.195,6.522
245,Toronto, Canada,North America,4.66,5.271,9.981,7.602,4.335,4.683,8.966,7.694,8.064,7.603,7.178,5.841,7.275,4.383,7.826,7.928,5.594
246,Toulouse, France,Europe,7.544,4.552,3.577,2.042,5.126,5.068,8.088,6.967,8.832,4.442,5.08,4.204,2.648,4.622,4.137,7.634,3.304
247,Tunis, Tunisia,Africa,9.968,9.998,2.969,0.0,2.608,5.615,6.622,8.292,6.293,0.5,3.28,3.092,2.599,1.072,5.743,4.727,5.366
248,Turin, Italy,Europe,8.07,5.612,3.25,0.0,3.15,5.609,6.19,6.252,8.368,4.102,3.886,3.362,2.436,2.369,7.061,5.777,5.705
249,Turku, Finland,Europe,7.534,5.07,1.88,1.773,3.224,6.728,9.451,9.176,8.713,5.347,9.105,3.921,4.878,6.682,5.098,7.751,4.538
250,Uppsala, Sweden,Europe,7.16,5.442,1.428,0.0,4.748,5.975,9.569,7.85,8.153,5.204,8.582,5.694,2.75,5.854,3.427,6.951,3.466
251,Utrecht, Netherlands,Europe,5.466,4.604,3.915,1.929,8.072,5.99,8.837,8.631,8.394,5.592,8.095,5.053,4.955,6.676,5.373,8.566,4.696
252,Valencia, Spain,Europe,8.136,6.872,1.747,2.583,3.484,5.809,7.12,7.786,8.886,4.266,5.942,4.296,3.894,9.14,7.078,7.935,6.332
253,Valletta, Malta,Europe,3.153,0.0,3.91,2.148,1.889,0.0,5.377,8.518,8.107,2.82,3.776,5.54,5.783,3.202,5.827,7.563,4.717
254,Vancouver, Canada,North America,4.081,5.259,8.17,5.842,2.771,4.937,8.966,7.57,8.038,6.889,8.423,5.841,7.275,4.551,5.717,8.295,7.4
255,Victoria, Canada,North America,5.696,5.703,4.479,2.719,1.494,5.226,8.966,7.808,7.693,5.382,9.295,5.841,7.275,6.195,4.523,8.782,4.356
256,Vienna, Austria,Europe,6.314,5.111,5.798,3.635,8.031,6.213,7.596,8.596,8.198,4.855,9.27,4.663,2.666,6.173,8.522,8.964,5.294
257,Vilnius, Lithuania,Europe,8.621,7.576,4.223,2.828,2.105,5.928,7.6,8.857,6.331,3.7,8.718,4.691,6.592,7.926,5.199,7.393,4.106
258,Warsaw, Poland,Europe,7.87,8.192,6.122,1.853,3.864,5.203,5.704,8.7,6.882,4.669,6.389,4.762,5.097,6.0,7.336,4.636,4.961
259,Washington, District of Columbia,North America,1.21,3.595,8.774,8.056,4.505,4.457,8.671,2.192,6.258,5.969,6.994,6.514,4.062,3.826,10.0,6.55,5.023
260,Wellington, New Zealand,Oceania,5.134,5.161,2.472,1.753,0.852,6.04,10.0,8.223,8.078,4.756,9.609,5.506,5.932,5.174,4.599,8.116,6.397
261,Winnipeg, Canada,North America,7.553,5.882,3.796,0.0,1.475,5.105,8.966,6.016,7.756,5.344,5.675,5.841,7.275,4.903,4.688,6.659,4.243
262,Wroclaw, Poland,Europe,8.452,8.434,3.586,2.386,2.244,4.955,5.704,8.166,6.781,4.162,4.965,4.762,5.097,5.762,4.75,3.904,4.085
263,Yerevan, Armenia,Asia,9.694,9.431,3.926,0.0,1.787,5.649,6.501,8.873,5.102,0.0,4.44,3.458,8.055,3.9,4.737,7.347,7.776
264,Zagreb, Croatia,Europe,8.91,7.194,4.453,1.775,2.028,4.83,5.72,8.658,7.266,3.211,7.332,2.236,7.993,5.034,4.994,7.955,4.809
265,Zurich, Switzerland,Europe,1.473,1.0,6.204,3.872,7.733,5.839,8.888,9.066,7.67,7.288,8.643,6.552,6.429,7.268,4.966,8.784,5.401
